name,role,company,industry,location,linkedin_bio
Ava Patel,Head of Growth,FlowMetrics,SaaS,San Francisco,Growth leader with 8+ years in B2B SaaS. Passionate about scaling revenue through data-driven strategies and automation.
John Smith,CEO,TechCorp,Software,New York,Serial entrepreneur in enterprise software. Founded 3 companies and led them through successful exits.
Sarah Johnson,VP Marketing,DataFlow,Technology,Austin,Marketing executive specializing in B2B tech companies. Expert in demand generation and marketing automation.
Mike Chen,CTO,CloudSystems,Cloud Computing,Seattle,Technical leader with 12+ years building scalable cloud infrastructure. Former AWS architect.
Lisa Rodriguez,Director of Sales,SalesForce Pro,CRM,Chicago,Sales leader driving revenue growth for mid-market SaaS companies. Expertise in sales process optimization.
David Kim,Senior Manager,ConsultCorp,Consulting,Boston,Management consultant helping Fortune 500 companies with digital transformation initiatives.
Emma Wilson,Founder,StartupX,FinTech,Los Angeles,Fintech entrepreneur building next-generation payment solutions for small businesses.
Alex Thompson,Head of Operations,LogiFlow,Logistics,Denver,Operations leader optimizing supply chain processes through technology and automation.
Rachel Green,VP Product,ProductCo,E-commerce,Miami,Product executive with expertise in building customer-centric solutions for online marketplaces.
Tom Brown,Chief Revenue Officer,RevGrow,Marketing,Portland,Revenue leader with track record of scaling ARR from $1M to $50M+ in B2B SaaS companies.

